{
    "total_trades": 347,
    "total_da": 0.5072046109510087,
    "higher_da": 0.5586854460093896,
    "lower_da": 0.4253731343283582,
    "total_pnl": -161.17999999999995,
    "mdd": 265.422,
    "sharpe": -0.08692863696456146,
    "max_consecutive_losses": 9,
    "calibration": {
        "(0.5, 0.6]": {
            "mean": NaN,
            "count": 0
        },
        "(0.6, 0.7]": {
            "mean": 0.504424778761062,
            "count": 339
        },
        "(0.7, 0.8]": {
            "mean": 0.7142857142857143,
            "count": 7
        },
        "(0.8, 0.9]": {
            "mean": 0.0,
            "count": 1
        },
        "(0.9, 1.0]": {
            "mean": NaN,
            "count": 0
        }
    },
    "cumulative_pnl": [
        5.472,
        10.488,
        16.184,
        20.344,
        27.776,
        31.928,
        36.760000000000005,
        31.720000000000006,
        40.24000000000001,
        45.76000000000001,
        51.384000000000015,
        58.488000000000014,
        63.52000000000001,
        67.584,
        73.056,
        67.676,
        60.486000000000004,
        66.91,
        61.89,
        54.56,
        63.392,
        67.512,
        72.32,
        77.672,
        82.14399999999999,
        87.99199999999999,
        82.02199999999999,
        86.82999999999998,
        92.07799999999999,
        97.23799999999999,
        102.58199999999998,
        96.58199999999998,
        90.96199999999997,
        96.32199999999997,
        90.42199999999997,
        81.70199999999997,
        88.18199999999997,
        81.69199999999998,
        87.35599999999998,
        81.93599999999998,
        68.88599999999998,
        76.52599999999998,
        71.17599999999999,
        66.076,
        58.715999999999994,
        53.00599999999999,
        58.029999999999994,
        51.489999999999995,
        43.62,
        48.123999999999995,
        52.459999999999994,
        44.74999999999999,
        48.797999999999995,
        53.254,
        48.244,
        42.903999999999996,
        35.913999999999994,
        30.323999999999995,
        34.931999999999995,
        39.724,
        33.333999999999996,
        24.703999999999994,
        30.231999999999992,
        25.11199999999999,
        19.35199999999999,
        13.59199999999999,
        7.361999999999989,
        12.26599999999999,
        16.33799999999999,
        11.24799999999999,
        15.31999999999999,
        10.22999999999999,
        14.573999999999991,
        18.92599999999999,
        23.269999999999992,
        17.80999999999999,
        21.889999999999993,
        26.001999999999995,
        30.353999999999996,
        25.213999999999995,
        20.153999999999996,
        24.481999999999996,
        19.251999999999995,
        14.111999999999995,
        7.2519999999999945,
        12.955999999999996,
        7.355999999999996,
        1.0959999999999965,
        -4.494000000000003,
        -0.3340000000000032,
        3.977999999999997,
        8.177999999999997,
        12.289999999999997,
        6.319999999999998,
        1.1599999999999975,
        -4.470000000000002,
        -9.680000000000003,
        -15.190000000000003,
        -20.46,
        -27.11,
        -32.61,
        -37.97,
        -32.833999999999996,
        -38.38399999999999,
        -43.88399999999999,
        -39.75599999999999,
        -46.00599999999999,
        -52.07599999999999,
        -47.72399999999999,
        -43.51599999999999,
        -37.75599999999999,
        -44.15599999999999,
        -39.01999999999999,
        -35.01999999999999,
        -29.59599999999999,
        -25.57199999999999,
        -31.31199999999999,
        -36.31199999999999,
        -31.43199999999999,
        -25.871999999999993,
        -31.84199999999999,
        -27.40199999999999,
        -32.71199999999999,
        -39.09199999999999,
        -45.471999999999994,
        -51.852,
        -58.232,
        -53.936,
        -58.996,
        -54.772000000000006,
        -50.10000000000001,
        -45.78800000000001,
        -51.80800000000001,
        -47.592000000000006,
        -53.62200000000001,
        -48.446000000000005,
        -54.286,
        -49.11,
        -55.35,
        -50.174,
        -44.998,
        -39.821999999999996,
        -46.291999999999994,
        -52.76199999999999,
        -47.937999999999995,
        -42.769999999999996,
        -37.394,
        -33.025999999999996,
        -38.486,
        -34.117999999999995,
        -39.577999999999996,
        -35.209999999999994,
        -40.669999999999995,
        -36.30199999999999,
        -41.76199999999999,
        -37.39399999999999,
        -33.02599999999999,
        -28.80199999999999,
        -33.85199999999999,
        -39.32199999999999,
        -44.35199999999999,
        -49.77199999999999,
        -54.99199999999999,
        -50.23999999999999,
        -55.58999999999999,
        -51.18199999999999,
        -46.941999999999986,
        -52.18199999999999,
        -47.853999999999985,
        -43.301999999999985,
        -38.73399999999999,
        -34.11799999999999,
        -29.309999999999988,
        -24.197999999999986,
        -19.941999999999986,
        -14.709999999999987,
        -20.809999999999988,
        -15.697999999999988,
        -11.273999999999987,
        -16.483999999999988,
        -12.307999999999987,
        -8.283999999999988,
        -3.5399999999999885,
        0.5720000000000116,
        5.092000000000012,
        9.828000000000012,
        13.980000000000011,
        18.30000000000001,
        13.070000000000011,
        7.910000000000011,
        12.574000000000012,
        7.294000000000012,
        11.494000000000012,
        6.484000000000012,
        11.508000000000013,
        16.324000000000012,
        20.892000000000014,
        14.222000000000014,
        8.492000000000013,
        12.524000000000013,
        7.454000000000013,
        11.510000000000012,
        6.210000000000012,
        0.6800000000000122,
        4.784000000000012,
        -0.5159999999999876,
        4.348000000000013,
        8.636000000000013,
        12.948000000000015,
        7.548000000000014,
        12.724000000000014,
        18.268000000000015,
        23.604000000000013,
        18.234000000000012,
        12.864000000000011,
        17.408000000000012,
        21.57600000000001,
        26.02400000000001,
        20.31400000000001,
        14.35400000000001,
        9.234000000000009,
        13.282000000000009,
        7.892000000000009,
        2.7920000000000096,
        -2.59799999999999,
        1.9300000000000104,
        -3.1899999999999897,
        0.9300000000000104,
        -4.60999999999999,
        -0.16999999999998927,
        4.7580000000000116,
        -0.7019999999999884,
        3.738000000000012,
        -1.7719999999999878,
        2.6200000000000125,
        7.5240000000000125,
        12.428000000000011,
        17.07600000000001,
        21.31600000000001,
        25.652000000000008,
        30.29200000000001,
        34.644000000000005,
        29.224000000000004,
        24.174000000000003,
        18.874000000000002,
        23.138,
        17.978,
        22.314,
        17.014,
        11.623999999999999,
        15.959999999999999,
        19.968,
        24.656,
        18.676,
        13.285999999999998,
        8.125999999999998,
        3.0159999999999973,
        7.1279999999999974,
        1.5579999999999972,
        -5.032000000000003,
        -11.622000000000003,
        -7.182000000000003,
        -12.882000000000003,
        -7.746000000000003,
        -14.166000000000004,
        -20.586000000000006,
        -26.286000000000005,
        -32.706,
        -27.570000000000004,
        -33.99,
        -40.410000000000004,
        -36.09,
        -42.38,
        -37.476,
        -43.896,
        -50.316,
        -45.316,
        -51.566,
        -47.054,
        -52.084,
        -47.548,
        -53.968,
