{
    "total_trades": 356,
    "total_da": 0.5224719101123596,
    "higher_da": 0.5094339622641509,
    "lower_da": 0.5416666666666666,
    "total_pnl": -93.7044999999999,
    "mdd": 160.78050000000002,
    "sharpe": -0.046276985759766506,
    "max_consecutive_losses": 6,
    "calibration": {
        "(0.5, 0.6]": {
            "mean": 0.5421686746987951,
            "count": 83
        },
        "(0.6, 0.7]": {
            "mean": 0.5183823529411765,
            "count": 272
        },
        "(0.7, 0.8]": {
            "mean": 0.0,
            "count": 1
        },
        "(0.8, 0.9]": {
            "mean": NaN,
            "count": 0
        },
        "(0.9, 1.0]": {
            "mean": NaN,
            "count": 0
        }
    },
    "cumulative_pnl": [
        -5.85,
        -14.01,
        -7.983499999999999,
        -2.126999999999999,
        3.219500000000002,
        -3.4404999999999983,
        3.6400000000000023,
        -1.5699999999999976,
        -8.079999999999998,
        -2.809999999999998,
        -11.349999999999998,
        -16.74,
        -10.279999999999998,
        -20.169999999999998,
        -13.157499999999997,
        -8.303999999999997,
        -3.6374999999999957,
        -9.037499999999996,
        -4.506999999999995,
        -0.0189999999999948,
        4.426500000000006,
        8.965500000000006,
        2.5955000000000057,
        7.602000000000006,
        2.542000000000006,
        -3.9379999999999944,
        -9.867999999999995,
        -4.657499999999994,
        0.4340000000000064,
        5.942000000000007,
        0.912000000000007,
        -4.647999999999993,
        -10.387999999999993,
        -5.789499999999992,
        -11.699499999999993,
        -7.160499999999993,
        -14.030499999999993,
        -20.170499999999993,
        -15.673999999999992,
        -21.723999999999993,
        -17.006499999999992,
        -12.662999999999991,
        -8.23449999999999,
        -13.44449999999999,
        -9.04149999999999,
        -4.30699999999999,
        0.3085000000000102,
        -4.73149999999999,
        -0.22649999999998993,
        -5.52649999999999,
        -10.986499999999989,
        -17.10649999999999,
        -11.887499999999989,
        -6.566499999999988,
        -1.9594999999999878,
        2.299000000000013,
        7.059000000000013,
        11.819000000000013,
        16.349500000000013,
        9.999500000000014,
        3.689500000000014,
        9.087000000000014,
        14.484500000000015,
        9.344500000000014,
        13.603000000000016,
        19.000500000000017,
        23.896500000000017,
        17.166500000000017,
        11.676500000000017,
        17.354500000000016,
        12.214500000000015,
        17.042500000000015,
        22.304000000000016,
        26.562500000000018,
        20.21250000000002,
        13.28250000000002,
        7.53250000000002,
        13.42300000000002,
        7.143000000000019,
        0.21300000000001962,
        -5.50699999999998,
        -13.43699999999998,
        -20.356999999999978,
        -15.435499999999976,
        -10.785999999999976,
        -5.099499999999976,
        -10.769499999999976,
        -4.496499999999975,
        -11.796499999999975,
        -6.5604999999999745,
        -13.080499999999974,
        -7.317499999999973,
        -14.457499999999973,
        -7.699999999999972,
        -13.579999999999972,
        -7.944499999999971,
        -15.554499999999972,
        -8.966999999999972,
        -3.322999999999972,
        -9.962999999999973,
        -4.854499999999972,
        -10.574499999999972,
        -16.93449999999997,
        -22.27449999999997,
        -30.02449999999997,
        -24.958499999999972,
        -20.46199999999997,
        -25.581999999999972,
        -32.70199999999997,
        -28.17149999999997,
        -23.35199999999997,
        -19.06799999999997,
        -24.25799999999997,
        -31.037999999999972,
        -25.63199999999997,
        -31.461999999999968,
        -38.39199999999997,
        -33.19849999999997,
        -39.75849999999997,
        -33.64699999999997,
        -28.062499999999968,
        -35.53249999999997,
        -41.63249999999997,
        -36.56649999999997,
        -43.68649999999997,
        -37.63449999999997,
        -33.35049999999997,
        -40.13049999999997,
        -34.68199999999997,
        -29.343999999999966,
        -34.72399999999997,
        -40.10399999999997,
        -35.74349999999997,
        -40.77349999999997,
        -46.66349999999997,
        -41.65699999999997,
        -37.20299999999997,
        -32.434499999999964,
        -27.555499999999963,
        -33.205499999999965,
        -38.28549999999996,
        -43.36549999999996,
        -51.995499999999964,
        -46.49599999999997,
        -52.395999999999965,
        -46.69249999999997,
        -41.19299999999997,
        -36.74749999999997,
        -41.977499999999964,
        -36.85199999999996,
        -44.50199999999996,
        -37.999499999999955,
        -44.26949999999995,
        -38.76999999999995,
        -43.99999999999996,
        -51.10999999999996,
        -45.19399999999996,
        -50.423999999999964,
        -44.50799999999997,
        -39.00849999999997,
        -32.93099999999997,
        -40.08099999999997,
        -34.20749999999997,
        -28.53799999999997,
        -35.20799999999997,
        -41.91799999999997,
        -50.05799999999997,
        -58.19799999999997,
        -63.34799999999997,
        -57.32149999999997,
        -63.59149999999997,
        -57.88799999999997,
        -52.38849999999997,
        -57.61849999999997,
        -52.968999999999966,
        -58.15899999999996,
        -53.662499999999966,
        -49.37849999999997,
        -54.668499999999966,
        -50.17199999999997,
        -44.53649999999997,
        -38.69699999999997,
        -45.32699999999997,
        -51.95699999999997,
        -46.11749999999997,
        -40.48199999999997,
        -34.84649999999997,
        -29.21099999999997,
        -35.84099999999997,
        -42.67099999999997,
        -38.04699999999997,
        -33.635499999999965,
        -29.308999999999966,
        -34.99899999999997,
        -40.40899999999996,
        -45.688999999999965,
        -40.852499999999964,
        -46.75249999999996,
        -42.00099999999996,
        -37.34299999999996,
        -31.70749999999996,
        -27.13449999999996,
        -22.04299999999996,
        -17.36799999999996,
        -22.55799999999996,
        -28.05799999999996,
        -22.991999999999962,
        -28.491999999999962,
        -23.65549999999996,
        -19.32899999999996,
        -24.70899999999996,
        -29.878999999999962,
        -25.22099999999996,
        -30.81099999999996,
        -37.55099999999996,
        -32.459499999999956,
        -38.44949999999996,
        -33.84249999999996,
        -28.92949999999996,
        -34.33949999999996,
        -29.36699999999996,
        -24.75999999999996,
        -30.179999999999957,
        -25.581499999999956,
        -31.631499999999956,
        -37.43149999999996,
        -33.13899999999995,
        -38.42899999999995,
        -43.64899999999995,
        -38.94849999999995,
        -44.408499999999954,
        -50.16849999999995,
        -55.21849999999995,
        -60.74849999999995,
        -66.27849999999995,
        -61.73099999999995,
        -56.56299999999995,
        -51.98999999999995,
        -47.72299999999995,
        -53.01299999999995,
        -58.12299999999995,
        -53.49049999999995,
        -49.19799999999995,
        -44.81199999999995,
        -51.20199999999995,
        -46.45049999999995,
        -52.04049999999995,
        -57.73049999999995,
        -51.47449999999995,
        -56.884499999999946,
        -62.93449999999994,
        -68.18449999999994,
        -63.93449999999994,
        -70.21449999999994,
        -75.68449999999994,
        -68.89299999999994,
        -74.01299999999995,
        -81.44299999999996,
