{
    "total_trades": 234,
    "total_da": 0.5128205128205128,
    "higher_da": 0.5084745762711864,
    "lower_da": 0.5172413793103449,
    "total_pnl": -56.138499999999965,
    "mdd": 144.0215,
    "sharpe": -0.04562388752826142,
    "max_consecutive_losses": 5,
    "calibration": {
        "(0.5, 0.6]": {
            "mean": 0.4888888888888889,
            "count": 135
        },
        "(0.6, 0.7]": {
            "mean": 0.5454545454545454,
            "count": 99
        },
        "(0.7, 0.8]": {
            "mean": NaN,
            "count": 0
        },
        "(0.8, 0.9]": {
            "mean": NaN,
            "count": 0
        },
        "(0.9, 1.0]": {
            "mean": NaN,
            "count": 0
        }
    },
    "cumulative_pnl": [
        4.488,
        10.914000000000001,
        16.073500000000003,
        10.853500000000004,
        16.523000000000003,
        21.223500000000005,
        25.482000000000006,
        31.466000000000008,
        25.116000000000007,
        19.116000000000007,
        13.996000000000006,
        18.552000000000007,
        23.983500000000006,
        17.483500000000006,
        22.864000000000008,
        16.524000000000008,
        21.13950000000001,
        25.500000000000007,
        20.17000000000001,
        15.090000000000009,
        21.79650000000001,
        13.77650000000001,
        8.086500000000008,
        1.8165000000000084,
        6.721000000000009,
        1.471000000000009,
        -4.918999999999991,
        -0.35449999999999005,
        3.98050000000001,
        9.99850000000001,
        16.62000000000001,
        9.66000000000001,
        16.98700000000001,
        21.38150000000001,
        27.55250000000001,
        32.03200000000001,
        38.61100000000001,
        43.60050000000001,
        38.16050000000001,
        32.93050000000001,
        37.61400000000001,
        44.45650000000001,
        39.35650000000001,
        44.422500000000014,
        50.51700000000002,
        55.719000000000015,
        50.41900000000002,
        41.49900000000002,
        36.009000000000015,
        42.47750000000001,
        48.88650000000001,
        42.21650000000001,
        35.83650000000001,
        40.44350000000001,
        31.993500000000008,
        25.61350000000001,
        29.90600000000001,
        34.95500000000001,
        29.065000000000012,
        34.00350000000001,
        38.41500000000001,
        33.115000000000016,
        37.95150000000002,
        30.831500000000016,
        23.511500000000016,
        16.931500000000014,
        21.385500000000015,
        16.145500000000013,
        20.599500000000013,
        15.359500000000013,
        10.119500000000013,
        14.573500000000013,
        9.333500000000013,
        13.787500000000014,
        18.241500000000016,
        13.001500000000016,
        17.455500000000015,
        12.215500000000015,
        6.9755000000000145,
        11.429500000000015,
        6.189500000000015,
        10.643500000000016,
        15.097500000000016,
        19.55150000000002,
        14.311500000000018,
        8.981500000000018,
        3.651500000000018,
        8.18200000000002,
        12.71250000000002,
        17.013500000000022,
        11.953500000000023,
        6.8935000000000235,
        1.8335000000000239,
        6.134500000000024,
        0.804500000000024,
        5.309500000000024,
        9.814500000000024,
        4.514500000000024,
        -1.195499999999976,
        3.309500000000024,
        -1.990499999999976,
        -7.700499999999976,
        -3.195499999999976,
        -8.905499999999975,
        -14.615499999999976,
        -10.110499999999977,
        -15.820499999999978,
        -11.315499999999979,
        -6.810499999999979,
        -12.520499999999979,
        -18.230499999999978,
        -13.376999999999978,
        -19.08699999999998,
        -14.233499999999978,
        -9.379999999999978,
        -4.526499999999977,
        -9.826499999999978,
        -15.126499999999979,
        -10.62149999999998,
        -6.11649999999998,
        -1.61149999999998,
        2.89350000000002,
        -2.1664999999999797,
        -7.226499999999979,
        -2.925499999999979,
        1.375500000000021,
        5.880500000000021,
        0.5805000000000211,
        -4.719499999999979,
        -0.21449999999997882,
        4.290500000000021,
        -1.0094999999999787,
        3.495500000000021,
        -1.584499999999979,
        2.920500000000021,
        -2.379499999999979,
        2.125500000000021,
        6.630500000000021,
        1.330500000000021,
        5.835500000000021,
        10.34050000000002,
        5.28050000000002,
        9.78550000000002,
        4.4855000000000205,
        -0.8144999999999794,
        3.6905000000000205,
        -1.6094999999999793,
        2.8955000000000206,
        -2.404499999999979,
        2.1005000000000207,
        -3.199499999999979,
        -8.49949999999998,
        -13.79949999999998,
        -19.09949999999998,
        -24.399499999999982,
        -19.894499999999983,
        -15.389499999999984,
        -20.529499999999985,
        -16.024499999999986,
        -11.723499999999985,
        -7.2184999999999855,
        -12.518499999999985,
        -17.818499999999986,
        -23.118499999999987,
        -18.613499999999988,
        -14.108499999999989,
        -19.47849999999999,
        -14.913999999999989,
        -10.349499999999988,
        -15.549499999999988,
        -21.96949999999999,
        -27.57949999999999,
        -32.78949999999999,
        -37.88949999999999,
        -32.22849999999999,
        -38.318499999999986,
        -43.36849999999998,
        -37.83499999999998,
        -43.50499999999998,
        -48.53499999999998,
        -53.56499999999998,
        -58.694999999999986,
        -54.002999999999986,
        -49.59999999999999,
        -54.649999999999984,
        -59.829999999999984,
        -65.57999999999998,
        -70.75999999999999,
        -76.50999999999999,
        -71.62249999999999,
        -77.37249999999999,
        -82.55249999999998,
        -88.30249999999998,
        -83.41499999999998,
        -78.52749999999997,
        -74.12449999999997,
        -69.46649999999997,
        -64.80849999999997,
        -70.55849999999997,
        -65.85799999999996,
        -71.11799999999997,
        -76.30799999999996,
        -70.85949999999997,
        -75.86949999999997,
        -80.87949999999998,
        -76.62099999999998,
        -81.63099999999999,
        -88.04099999999998,
        -82.59249999999999,
        -78.33399999999999,
        -74.07549999999999,
        -69.30699999999999,
        -64.52999999999999,
        -69.89999999999999,
        -75.47999999999999,
        -70.737,
        -66.1725,
        -61.608,
        -67.188,
        -61.595,
        -67.965,
        -62.5505,
        -55.9885,
        -61.7085,
        -57.416,
        -53.0725,
        -58.1825,
        -63.2925,
        -58.949,
        -64.059,
        -69.169,
        -64.82549999999999,
        -60.48199999999999,
        -56.13849999999999
    ]
}