{
    "total_trades": 591,
    "total_da": 0.5025380710659898,
    "higher_da": 0.5789473684210527,
    "lower_da": 0.4879032258064516,
    "total_pnl": -377.82399999999996,
    "mdd": 399.71399999999943,
    "sharpe": -0.10756778989940866,
    "max_consecutive_losses": 8,
    "calibration": {
        "(0.5, 0.6]": {
            "mean": NaN,
            "count": 0
        },
        "(0.6, 0.7]": {
            "mean": 0.5045703839122486,
            "count": 547
        },
        "(0.7, 0.8]": {
            "mean": 0.4772727272727273,
            "count": 44
        },
        "(0.8, 0.9]": {
            "mean": NaN,
            "count": 0
        },
        "(0.9, 1.0]": {
            "mean": NaN,
            "count": 0
        }
    },
    "cumulative_pnl": [
        -5.01,
        -10.44,
        -6.199999999999999,
        -11.98,
        -7.916,
        -13.706,
        -18.816,
        -14.808,
        -10.504,
        -16.003999999999998,
        -11.731999999999998,
        -17.541999999999998,
        -13.205999999999998,
        -8.709999999999997,
        -4.421999999999997,
        -0.17399999999999682,
        -5.253999999999997,
        -11.503999999999998,
        -18.633999999999997,
        -25.853999999999996,
        -19.925999999999995,
        -26.875999999999994,
        -35.586,
        -40.826,
        -46.416,
        -53.876,
        -60.925999999999995,
        -68.116,
        -73.426,
        -67.458,
        -60.634,
        -68.834,
        -77.51400000000001,
        -86.84400000000001,
        -80.828,
        -89.328,
        -82.232,
        -90.142,
        -98.16199999999999,
        -106.65199999999999,
        -100.17199999999998,
        -94.93199999999999,
        -89.72399999999999,
        -85.356,
        -93.79599999999999,
        -102.29599999999999,
        -95.312,
        -103.91199999999999,
        -110.952,
        -117.852,
        -112.036,
        -117.056,
        -110.264,
        -104.384,
        -112.834,
        -106.10600000000001,
        -100.92200000000001,
        -94.20200000000001,
        -102.85200000000002,
        -111.44200000000002,
        -119.29200000000002,
        -112.06800000000001,
        -119.11800000000001,
        -127.528,
        -120.512,
        -126.772,
        -135.442,
        -142.15200000000002,
        -150.572,
        -143.508,
        -136.524,
        -131.58,
        -137.5,
        -145.97,
        -154.98,
        -147.42,
        -152.5,
        -146.628,
        -142.42,
        -135.22,
        -130.94,
        -124.636,
        -119.79599999999999,
        -113.28399999999999,
        -108.612,
        -116.532,
        -122.822,
        -116.71000000000001,
        -122.9,
        -117.364,
        -122.84400000000001,
        -116.084,
        -109.172,
        -115.142,
        -121.922,
        -116.434,
        -111.234,
        -105.34599999999999,
        -99.954,
        -95.21,
        -103.96,
        -112.88999999999999,
        -120.43999999999998,
        -114.53599999999999,
        -120.96599999999998,
        -115.17399999999998,
        -120.71399999999998,
        -115.80199999999998,
        -121.80199999999998,
        -129.16199999999998,
        -135.60199999999998,
        -129.938,
        -123.722,
        -130.242,
        -139.22199999999998,
        -133.17399999999998,
        -142.134,
        -149.534,
        -143.07,
        -136.878,
        -130.35799999999998,
        -138.14799999999997,
        -131.27599999999995,
        -127.04399999999995,
        -120.86799999999995,
        -126.12799999999996,
        -118.91999999999996,
        -112.73599999999996,
        -118.05599999999995,
        -124.61599999999996,
        -117.95999999999995,
        -125.62999999999995,
        -121.04599999999995,
        -126.59599999999995,
        -133.60599999999994,
        -126.93399999999994,
        -134.68399999999994,
        -127.53199999999994,
        -134.73199999999994,
        -143.88199999999995,
        -151.35199999999995,
        -144.76799999999994,
        -152.82799999999995,
        -146.81199999999995,
        -154.06199999999995,
        -162.57199999999995,
        -171.42199999999994,
        -179.09199999999993,
        -187.88199999999992,
        -181.16199999999992,
        -175.70599999999993,
        -182.40599999999992,
        -175.9579999999999,
        -170.6299999999999,
        -166.1579999999999,
        -159.8859999999999,
        -167.6959999999999,
        -161.28799999999993,
        -168.72799999999992,
        -176.9579999999999,
        -185.0979999999999,
        -179.0579999999999,
        -175.0579999999999,
        -182.07799999999992,
        -190.6179999999999,
        -199.50799999999992,
        -193.02799999999993,
        -188.00399999999993,
        -194.79399999999993,
        -203.1839999999999,
        -210.3239999999999,
        -218.5839999999999,
        -211.78399999999988,
        -218.07399999999987,
        -212.09799999999987,
        -205.24199999999988,
        -212.5419999999999,
        -220.27199999999988,
        -227.93199999999987,
        -220.94799999999987,
        -214.98799999999986,
        -222.07799999999986,
        -230.71799999999985,
        -239.68799999999985,
        -232.51199999999986,
        -239.05199999999985,
        -232.89999999999986,
        -226.81999999999985,
        -234.90999999999985,
        -243.16999999999985,
        -236.64999999999984,
        -243.62999999999982,
        -236.90199999999982,
        -243.2819999999998,
        -236.9699999999998,
        -243.3299999999998,
        -236.31399999999982,
        -229.6979999999998,
        -224.8979999999998,
        -220.2979999999998,
        -226.0379999999998,
        -219.3099999999998,
        -224.91999999999982,
        -220.01599999999982,
        -225.76599999999982,
        -231.79599999999982,
        -239.32599999999982,
        -234.3179999999998,
        -229.64599999999982,
        -224.02199999999982,
        -229.63199999999983,
        -237.12199999999984,
        -243.75199999999984,
        -238.38399999999984,
        -246.50399999999985,
        -253.47399999999985,
        -261.0339999999998,
        -269.7139999999998,
        -262.73799999999983,
        -256.9939999999998,
        -263.5039999999998,
        -257.2559999999998,
        -251.4399999999998,
        -257.1099999999998,
        -251.10199999999978,
        -246.77399999999977,
        -242.35799999999978,
        -247.8479999999998,
        -243.1279999999998,
        -237.7119999999998,
        -242.75199999999978,
        -237.51199999999977,
        -244.71199999999976,
        -251.34199999999976,
        -246.62199999999976,
        -252.67199999999977,
        -248.44799999999978,
        -253.7479999999998,
        -246.8919999999998,
        -240.8759999999998,
        -248.2259999999998,
        -241.6179999999998,
        -235.1779999999998,
        -228.9699999999998,
        -223.0499999999998,
        -218.0259999999998,
        -223.6259999999998,
        -218.3219999999998,
        -224.7719999999998,
        -218.1959999999998,
        -225.8259999999998,
        -231.0659999999998,
        -237.2159999999998,
        -232.12799999999982,
        -239.1679999999998,
        -234.35999999999981,
        -229.62399999999982,
        -223.69599999999983,
        -228.81599999999983,
        -237.35599999999982,
        -231.28399999999982,
        -238.44399999999982,
        -231.96399999999983,
        -226.30799999999982,
        -233.36799999999982,
        -227.19999999999982,
        -222.1679999999998,
        -216.7439999999998,
        -223.6239999999998,
        -216.7439999999998,
        -212.4799999999998,
        -220.0399999999998,
        -212.9039999999998,
        -208.4079999999998,
        -202.9999999999998,
        -210.3999999999998,
        -217.8399999999998,
        -224.9799999999998,
        -230.67999999999978,
