{
    "total_trades": 101,
    "total_da": 0.5445544554455446,
    "higher_da": 0.5925925925925926,
    "lower_da": 0.527027027027027,
    "total_pnl": 3.3905000000000225,
    "mdd": 54.253,
    "sharpe": 0.006675677586958172,
    "max_consecutive_losses": 7,
    "calibration": {
        "(0.5, 0.6]": {
            "mean": 0.5454545454545454,
            "count": 55
        },
        "(0.6, 0.7]": {
            "mean": 0.5434782608695652,
            "count": 46
        },
        "(0.7, 0.8]": {
            "mean": NaN,
            "count": 0
        },
        "(0.8, 0.9]": {
            "mean": NaN,
            "count": 0
        },
        "(0.9, 1.0]": {
            "mean": NaN,
            "count": 0
        }
    },
    "cumulative_pnl": [
        4.4285000000000005,
        -0.7814999999999994,
        3.647000000000001,
        -2.052999999999999,
        -7.752999999999999,
        -3.4774999999999983,
        -9.177499999999998,
        -14.177499999999998,
        -19.1775,
        -24.1775,
        -19.9275,
        -15.677499999999998,
        -10.900499999999997,
        -16.040499999999998,
        -21.600499999999997,
        -17.112499999999997,
        -22.3925,
        -17.895999999999997,
        -13.501499999999997,
        -9.157999999999996,
        -14.217999999999996,
        -9.559999999999995,
        -5.165499999999994,
        -0.36299999999999333,
        -6.692999999999993,
        -2.3834999999999926,
        -7.403499999999992,
        -2.3289999999999917,
        3.799500000000009,
        8.58500000000001,
        12.84350000000001,
        7.403500000000009,
        2.2635000000000094,
        6.632500000000009,
        11.001500000000009,
        5.861500000000009,
        0.7215000000000096,
        -4.41849999999999,
        -9.55849999999999,
        -14.698499999999989,
        -19.83849999999999,
        -25.218499999999988,
        -20.84949999999999,
        -25.98949999999999,
        -31.12949999999999,
        -36.26949999999999,
        -41.40949999999999,
        -37.04049999999999,
        -32.46749999999999,
        -27.919999999999987,
        -32.999999999999986,
        -28.622499999999985,
        -34.102499999999985,
        -29.826999999999984,
        -25.287999999999982,
        -20.595999999999982,
        -15.402499999999982,
        -10.871999999999982,
        -6.536999999999982,
        -12.066999999999982,
        -17.476999999999983,
        -22.48699999999998,
        -17.91399999999998,
        -23.49399999999998,
        -28.68399999999998,
        -23.643499999999978,
        -19.33399999999998,
        -24.83399999999998,
        -19.614999999999977,
        -14.973999999999977,
        -10.366999999999976,
        -5.878999999999976,
        -1.3909999999999751,
        2.9015000000000253,
        -3.9884999999999744,
        -9.898499999999974,
        -15.808499999999974,
        -22.428499999999975,
        -28.148499999999974,
        -22.74249999999997,
        -17.52349999999997,
        -12.91649999999997,
        -8.59849999999997,
        -4.288999999999969,
        0.02900000000003189,
        4.321500000000032,
        -1.1084999999999674,
        -6.358499999999967,
        -1.3604999999999672,
        3.136000000000033,
        8.108500000000033,
        13.200000000000035,
        17.569000000000035,
        12.009000000000036,
        5.6090000000000355,
        10.318000000000037,
        14.899500000000037,
        9.199500000000036,
        4.149500000000036,
        -0.9104999999999634,
        3.3905000000000367
    ]
}