{
    "total_trades": 203,
    "total_da": 0.5172413793103449,
    "higher_da": 0.525,
    "lower_da": 0.5153374233128835,
    "total_pnl": -60.766499999999944,
    "mdd": 117.42499999999993,
    "sharpe": -0.04600057051327638,
    "max_consecutive_losses": 8,
    "calibration": {
        "(0.5, 0.6]": {
            "mean": 0.5384615384615384,
            "count": 39
        },
        "(0.6, 0.7]": {
            "mean": 0.5070422535211268,
            "count": 142
        },
        "(0.7, 0.8]": {
            "mean": 0.5454545454545454,
            "count": 22
        },
        "(0.8, 0.9]": {
            "mean": NaN,
            "count": 0
        },
        "(0.9, 1.0]": {
            "mean": NaN,
            "count": 0
        }
    },
    "cumulative_pnl": [
        -7.93,
        -1.350999999999999,
        -8.311,
        -16.601,
        -10.982499999999998,
        -17.2625,
        -22.7725,
        -17.8425,
        -12.513000000000002,
        -20.353,
        -13.74,
        -19.85,
        -27.94,
        -22.330000000000002,
        -14.697000000000001,
        -19.927,
        -13.3905,
        -7.958999999999999,
        -3.5814999999999984,
        3.8815000000000017,
        9.534000000000002,
        0.13400000000000212,
        -6.035999999999998,
        1.2740000000000027,
        8.176000000000002,
        1.8460000000000019,
        -4.183999999999998,
        4.477500000000002,
        -4.202499999999998,
        -13.372499999999999,
        -22.982499999999998,
        -13.921499999999996,
        -4.860499999999995,
        -12.260499999999995,
        -4.882499999999995,
        2.6485000000000056,
        -4.331499999999995,
        -11.981499999999995,
        -4.475999999999995,
        0.8365000000000062,
        8.826500000000006,
        15.592500000000008,
        21.10050000000001,
        25.665000000000013,
        19.125000000000014,
        25.032500000000013,
        16.482500000000012,
        24.35350000000001,
        17.90350000000001,
        23.57300000000001,
        18.05300000000001,
        9.813000000000011,
        17.25900000000001,
        24.186500000000013,
        19.156500000000012,
        26.135000000000012,
        30.453000000000014,
        24.943000000000012,
        29.235500000000012,
        24.165500000000012,
        29.401500000000013,
        33.796000000000014,
        27.516000000000012,
        32.225000000000016,
        36.78100000000002,
        41.10750000000002,
        35.847500000000025,
        40.11450000000003,
        44.62800000000003,
        50.03400000000003,
        43.69400000000003,
        48.904500000000034,
        42.05450000000003,
        35.71450000000003,
        28.31450000000003,
        34.647000000000034,
        27.937000000000033,
        19.80700000000003,
        25.57850000000003,
        32.718500000000034,
        41.13350000000003,
        33.97350000000003,
        25.89350000000003,
        16.033500000000032,
        7.223500000000032,
        11.575500000000032,
        5.9255000000000315,
        10.957500000000032,
        3.0375000000000316,
        7.432000000000032,
        0.42200000000003257,
        8.922000000000033,
        -1.7779999999999667,
        3.5005000000000335,
        -7.019499999999966,
        0.358500000000034,
        -5.751499999999966,
        -13.771499999999966,
        -22.461499999999965,
        -30.331499999999966,
        -39.55149999999997,
        -47.62149999999997,
        -53.06149999999997,
        -60.321499999999965,
        -50.32549999999996,
        -57.59549999999996,
        -50.761499999999955,
        -56.471499999999956,
        -51.06549999999996,
        -40.39799999999995,
        -48.817999999999955,
        -55.32799999999995,
        -48.39199999999995,
        -39.90049999999995,
        -31.64699999999995,
        -23.333999999999946,
        -33.54399999999995,
        -28.392999999999947,
        -39.21299999999995,
        -34.50399999999995,
        -45.04399999999995,
        -52.53399999999995,
        -46.643499999999946,
        -51.81349999999995,
        -47.486999999999945,
        -43.16049999999994,
        -48.790499999999945,
        -44.004999999999946,
        -39.29599999999994,
        -44.355999999999945,
        -49.84599999999995,
        -55.33599999999995,
        -60.925999999999945,
        -56.44649999999994,
        -51.84799999999994,
        -57.24799999999994,
        -52.87899999999994,
        -47.96599999999994,
        -53.09599999999994,
        -58.86599999999994,
        -53.986999999999945,
        -59.126999999999946,
        -54.086499999999944,
        -59.45649999999994,
        -64.84649999999993,
        -60.31599999999993,
        -54.40849999999993,
        -59.98849999999993,
        -54.68449999999993,
        -59.72449999999993,
        -54.82849999999993,
        -50.41699999999992,
        -45.656999999999925,
        -41.321999999999925,
        -36.978499999999926,
        -32.00599999999993,
        -26.89749999999993,
        -32.08749999999993,
        -27.641999999999925,
        -23.000999999999927,
        -28.550999999999927,
        -35.760999999999925,
        -31.085999999999924,
        -26.334499999999924,
        -20.817999999999923,
        -25.837999999999923,
        -30.84799999999992,
        -36.20799999999992,
        -31.37149999999992,
        -39.27149999999992,
        -32.615999999999914,
        -27.983499999999914,
        -22.874999999999915,
        -18.480499999999914,
        -25.640499999999914,
        -30.970499999999916,
        -36.00049999999992,
        -43.24049999999992,
        -50.50049999999992,
        -45.30699999999992,
        -39.75649999999992,
        -44.93649999999992,
        -52.476499999999916,
        -61.18649999999992,
        -55.86549999999992,
        -61.49549999999992,
        -55.22249999999992,
        -50.61549999999992,
        -44.27449999999992,
        -49.73449999999992,
        -57.934499999999915,
        -52.74949999999991,
        -48.21899999999991,
        -53.31899999999991,
        -48.81399999999991,
        -54.53399999999991,
        -59.833999999999904,
        -65.0739999999999,
        -60.5009999999999,
        -67.39099999999989,
        -61.27949999999989,
        -66.5294999999999,
        -60.7664999999999
    ]
}