{
    "total_trades": 463,
    "total_da": 0.49892008639308855,
    "higher_da": 0.5588235294117647,
    "lower_da": 0.4740061162079511,
    "total_pnl": -251.56749999999988,
    "mdd": 341.5149999999998,
    "sharpe": -0.09334060990070124,
    "max_consecutive_losses": 12,
    "calibration": {
        "(0.5, 0.6]": {
            "mean": 0.49572649572649574,
            "count": 117
        },
        "(0.6, 0.7]": {
            "mean": 0.5045871559633027,
            "count": 327
        },
        "(0.7, 0.8]": {
            "mean": 0.42105263157894735,
            "count": 19
        },
        "(0.8, 0.9]": {
            "mean": NaN,
            "count": 0
        },
        "(0.9, 1.0]": {
            "mean": NaN,
            "count": 0
        }
    },
    "cumulative_pnl": [
        -5.64,
        -11.28,
        -16.72,
        -22.21,
        -27.87,
        -33.53,
        -29.2375,
        -36.4775,
        -31.538999999999998,
        -26.702499999999997,
        -21.755499999999998,
        -17.174,
        -25.774,
        -20.826999999999998,
        -26.147,
        -20.877,
        -27.076999999999998,
        -22.266,
        -27.735999999999997,
        -33.205999999999996,
        -38.82599999999999,
        -44.01599999999999,
        -38.17649999999999,
        -33.13599999999999,
        -28.14649999999999,
        -33.43649999999999,
        -38.49649999999999,
        -34.19549999999999,
        -29.698999999999987,
        -25.346999999999987,
        -20.187499999999986,
        -15.427499999999986,
        -20.887499999999985,
        -26.237499999999983,
        -21.808999999999983,
        -27.128999999999984,
        -22.26699999999998,
        -17.82149999999998,
        -13.45249999999998,
        -19.74249999999998,
        -25.032499999999978,
        -20.68899999999998,
        -15.469999999999978,
        -11.032999999999976,
        -16.942999999999977,
        -12.233999999999977,
        -5.986499999999976,
        -11.156499999999976,
        -6.532499999999976,
        -12.112499999999976,
        -17.452499999999976,
        -12.598999999999975,
        -8.280999999999974,
        -4.022499999999973,
        -10.282499999999974,
        -15.662499999999973,
        -11.157499999999974,
        -6.720499999999974,
        -2.0794999999999737,
        -7.389499999999973,
        -2.705999999999973,
        1.6800000000000281,
        6.389000000000029,
        10.91950000000003,
        15.82400000000003,
        20.89000000000003,
        14.840000000000028,
        9.520000000000028,
        13.829500000000028,
        18.640500000000028,
        23.953000000000028,
        18.703000000000028,
        12.413000000000029,
        16.977500000000028,
        21.37200000000003,
        16.272000000000027,
        21.01500000000003,
        15.285000000000029,
        20.30850000000003,
        14.858500000000031,
        6.6485000000000305,
        10.907000000000032,
        16.109000000000034,
        10.959000000000033,
        15.277000000000033,
        9.387000000000032,
        14.028000000000032,
        19.281000000000034,
        23.658500000000036,
        28.265500000000035,
        32.86400000000003,
        37.31800000000003,
        32.07800000000003,
        36.45550000000003,
        41.31750000000003,
        46.63000000000003,
        52.69050000000003,
        57.23800000000003,
        50.29800000000003,
        57.76100000000003,
        52.13100000000003,
        46.06100000000003,
        37.64100000000003,
        45.53750000000003,
        38.26750000000003,
        32.50750000000003,
        24.93750000000003,
        19.75750000000003,
        14.577500000000029,
        6.717500000000029,
        13.347500000000029,
        6.2275000000000285,
        -0.5424999999999711,
        5.705000000000029,
        -3.8949999999999703,
        3.4915000000000305,
        9.58600000000003,
        1.5360000000000298,
        10.384500000000031,
        3.3345000000000313,
        -2.9654999999999685,
        4.268000000000032,
        -3.081999999999968,
        -10.671999999999969,
        -17.63199999999997,
        -25.821999999999967,
        -32.73199999999997,
        -27.67449999999997,
        -20.84049999999997,
        -28.88049999999997,
        -36.70049999999997,
        -42.75049999999997,
        -38.066999999999965,
        -29.396999999999963,
        -34.79699999999996,
        -40.09699999999996,
        -33.78999999999996,
        -28.596499999999956,
        -37.14649999999996,
        -44.95649999999996,
        -51.20649999999996,
        -46.67599999999996,
        -40.904499999999956,
        -47.17449999999995,
        -41.39449999999995,
        -35.83549999999995,
        -28.601999999999954,
        -20.76499999999995,
        -29.364999999999952,
        -36.55499999999995,
        -43.92499999999995,
        -37.01449999999995,
        -28.59949999999995,
        -39.24949999999995,
        -33.17199999999995,
        -25.572999999999947,
        -16.231499999999947,
        -27.79149999999995,
        -22.62349999999995,
        -30.39349999999995,
        -24.32449999999995,
        -31.36449999999995,
        -36.92449999999995,
        -31.314499999999953,
        -40.444499999999955,
        -35.97349999999996,
        -41.883499999999955,
        -48.62349999999996,
        -56.16349999999996,
        -63.68349999999995,
        -57.274499999999954,
        -51.604999999999954,
        -61.284999999999954,
        -56.98399999999995,
        -65.35399999999996,
        -59.64199999999995,
        -53.42849999999995,
        -61.55849999999995,
        -68.05849999999995,
        -62.64399999999995,
        -68.61399999999995,
        -74.09399999999995,
        -69.21499999999995,
        -76.16499999999995,
        -71.59199999999996,
        -66.12649999999995,
        -60.69499999999995,
        -68.56499999999996,
        -75.88499999999996,
        -70.15599999999996,
        -63.415499999999966,
        -73.61549999999997,
        -66.95149999999997,
        -60.00699999999997,
        -55.39999999999997,
        -47.34199999999997,
        -38.74849999999997,
        -48.22849999999997,
        -54.14849999999997,
        -47.45899999999997,
        -57.048999999999964,
        -65.28899999999996,
        -60.63099999999996,
        -70.88099999999996,
        -81.12099999999995,
        -86.36099999999995,
        -81.59249999999994,
        -87.72249999999994,
        -93.46249999999993,
        -88.58349999999993,
        -83.24549999999994,
        -77.84799999999994,
        -84.29799999999994,
        -90.03799999999994,
        -84.64049999999995,
        -89.98049999999995,
        -85.37349999999995,
        -91.65349999999995,
        -86.31549999999996,
        -81.43649999999995,
        -87.17649999999995,
        -93.02649999999994,
        -88.75949999999995,
        -94.60949999999994,
        -89.27149999999995,
        -95.12149999999994,
        -100.12149999999994,
        -105.86149999999994,
        -112.14149999999994,
        -118.42149999999994,
        -123.44149999999993,
        -128.90149999999994,
        -124.03949999999995,
        -119.06699999999995,
        -124.91699999999994,
        -129.93699999999995,
        -124.96449999999996,
        -130.70449999999997,
        -136.98449999999997,
        -142.83449999999996,
        -137.86199999999997,
        -143.81199999999995,
        -150.36199999999997,
        -155.78199999999995,
        -151.28549999999996,
        -146.19399999999996,
        -152.81399999999996,
        -157.92399999999998,
        -163.944,
        -159.24349999999998,
        -153.84599999999998,
        -148.37199999999999,
        -154.76199999999997,
        -149.70449999999997,
        -154.80449999999996,
        -150.39299999999997,
        -155.40299999999996,
        -151.03399999999996,
        -156.13399999999996,
        -161.90399999999997,
        -156.95699999999997,
