{
    "total_trades": 662,
    "total_da": 0.5558912386706949,
    "higher_da": 0.5795918367346938,
    "lower_da": 0.5419664268585132,
    "total_pnl": -73.29399999999993,
    "mdd": 303.7119999999999,
    "sharpe": -0.018684576694010024,
    "max_consecutive_losses": 7,
    "calibration": {
        "(0.5, 0.6]": {
            "mean": NaN,
            "count": 0
        },
        "(0.6, 0.7]": {
            "mean": 0.5699831365935919,
            "count": 593
        },
        "(0.7, 0.8]": {
            "mean": 0.43478260869565216,
            "count": 69
        },
        "(0.8, 0.9]": {
            "mean": NaN,
            "count": 0
        },
        "(0.9, 1.0]": {
            "mean": NaN,
            "count": 0
        }
    },
    "cumulative_pnl": [
        4.576,
        8.632,
        13.136,
        7.866,
        11.89,
        16.138,
        10.358,
        5.138000000000001,
        -0.5119999999999996,
        -5.821999999999999,
        -11.622,
        -17.002,
        -12.186,
        -17.426000000000002,
        -13.330000000000002,
        -9.186000000000002,
        -4.682000000000001,
        -0.6340000000000012,
        -5.784000000000002,
        -12.214000000000002,
        -19.154000000000003,
        -24.544000000000004,
        -20.424000000000003,
        -25.714000000000002,
        -20.538000000000004,
        -15.738000000000003,
        -22.038000000000004,
        -27.498000000000005,
        -23.186000000000003,
        -17.53,
        -12.658000000000001,
        -8.474,
        -13.914000000000001,
        -8.034000000000002,
        -3.8260000000000023,
        0.4059999999999979,
        4.757999999999998,
        -0.6720000000000015,
        -5.952000000000002,
        -11.772000000000002,
        -19.662000000000003,
        -26.112000000000002,
        -19.720000000000002,
        -25.500000000000004,
        -33.480000000000004,
        -43.06,
        -48.59,
        -54.93000000000001,
        -62.49000000000001,
        -69.97000000000001,
        -64.53800000000001,
        -57.45000000000001,
        -65.22000000000001,
        -72.51000000000002,
        -79.45000000000002,
        -74.21000000000002,
        -81.31000000000002,
        -75.53400000000002,
        -81.16400000000002,
        -87.37400000000001,
        -93.68400000000001,
        -100.40400000000001,
        -95.69200000000001,
        -90.30000000000001,
        -100.20000000000002,
        -107.83000000000001,
        -102.59000000000002,
        -111.71000000000002,
        -117.06000000000002,
        -123.78000000000002,
        -119.28400000000002,
        -114.18000000000002,
        -109.22000000000003,
        -119.31000000000003,
        -114.61400000000003,
        -108.39800000000004,
        -99.79800000000004,
        -108.33800000000005,
        -119.54800000000006,
        -127.31800000000005,
        -133.12800000000004,
        -126.43200000000004,
        -132.96200000000005,
        -126.75400000000005,
        -132.94400000000005,
        -143.30400000000003,
        -151.27400000000003,
        -160.97400000000002,
        -153.83800000000002,
        -145.15800000000002,
        -139.246,
        -145.836,
        -154.846,
        -164.276,
        -159.132,
        -165.422,
        -160.006,
        -154.254,
        -146.566,
        -142.366,
        -134.13400000000001,
        -125.70200000000001,
        -120.64600000000002,
        -127.81600000000002,
        -134.306,
        -128.24200000000002,
        -123.04200000000002,
        -116.47400000000002,
        -109.38600000000002,
        -115.72600000000003,
        -108.07000000000002,
        -101.01400000000002,
        -94.44600000000003,
        -89.39000000000003,
        -99.98000000000003,
        -109.64000000000003,
        -116.67000000000003,
        -111.41400000000003,
        -116.89400000000003,
        -111.11000000000003,
        -121.67000000000003,
        -127.29000000000003,
        -133.83000000000004,
        -126.68600000000004,
        -132.49600000000004,
        -141.26600000000005,
        -137.11400000000006,
        -146.58400000000006,
        -142.30400000000006,
        -148.79400000000007,
        -143.45000000000007,
        -138.80200000000008,
        -134.74600000000007,
        -142.04600000000008,
        -135.91800000000006,
        -129.39800000000005,
        -124.05400000000006,
        -117.87800000000006,
        -124.25800000000005,
        -118.23400000000005,
        -128.44400000000005,
        -123.89200000000004,
        -132.68200000000004,
        -126.22600000000004,
        -132.58600000000004,
        -126.19400000000005,
        -131.34400000000005,
        -140.10400000000004,
        -133.48800000000006,
        -145.61800000000005,
        -138.41800000000006,
        -146.60800000000006,
        -155.19800000000006,
        -162.31800000000007,
        -169.80800000000008,
        -162.95200000000008,
        -158.48800000000008,
        -165.7680000000001,
        -160.4240000000001,
        -153.60000000000008,
        -149.08800000000008,
        -141.8880000000001,
        -152.4080000000001,
        -144.8000000000001,
        -152.44000000000008,
        -161.9000000000001,
        -157.3960000000001,
        -164.5660000000001,
        -174.6560000000001,
        -184.5460000000001,
        -177.4260000000001,
        -171.3140000000001,
        -178.5940000000001,
        -187.55400000000012,
        -195.3440000000001,
        -203.1540000000001,
        -195.2420000000001,
        -203.1820000000001,
        -197.2540000000001,
        -189.1260000000001,
        -196.2160000000001,
        -206.3660000000001,
        -213.4960000000001,
        -206.6640000000001,
        -200.7520000000001,
        -208.4620000000001,
        -219.0320000000001,
        -227.9320000000001,
        -219.8040000000001,
        -215.3720000000001,
        -222.8020000000001,
        -218.1940000000001,
        -210.3700000000001,
        -220.0300000000001,
        -228.3900000000001,
        -221.8060000000001,
        -227.9260000000001,
        -220.8780000000001,
        -230.4280000000001,
        -223.99600000000012,
        -217.7320000000001,
        -212.1000000000001,
        -207.3240000000001,
        -202.3160000000001,
        -194.84400000000008,
        -200.63400000000007,
        -195.06600000000006,
        -201.74600000000007,
        -197.23400000000007,
        -191.60200000000006,
        -199.59200000000007,
        -210.28200000000007,
        -221.34200000000007,
        -226.39200000000008,
        -234.43200000000007,
        -241.67200000000008,
        -235.7520000000001,
        -241.4720000000001,
        -234.3200000000001,
        -228.5120000000001,
        -222.9520000000001,
        -215.9040000000001,
        -210.4400000000001,
        -205.6240000000001,
        -212.7140000000001,
        -207.4740000000001,
        -217.5740000000001,
        -223.7340000000001,
        -229.9740000000001,
        -223.9900000000001,
        -229.0200000000001,
        -221.6760000000001,
        -215.6120000000001,
        -222.9320000000001,
        -216.2040000000001,
        -210.12400000000008,
        -203.86800000000008,
        -197.3400000000001,
        -191.6440000000001,
        -196.6740000000001,
        -190.29000000000008,
        -198.41000000000008,
        -191.76200000000009,
        -199.45200000000008,
        -204.7820000000001,
        -212.8720000000001,
        -207.7680000000001,
        -202.68800000000007,
        -196.44000000000008,
        -202.29000000000008,
        -213.13000000000008,
        -206.77800000000008,
        -212.64800000000008,
        -206.16000000000008,
        -200.4000000000001,
        -209.3000000000001,
        -202.1000000000001,
        -196.78000000000011,
        -206.3500000000001,
        -197.7100000000001,
        -206.9900000000001,
        -198.3340000000001,
        -193.0380000000001,
