{
    "total_trades": 366,
    "total_da": 0.5191256830601093,
    "higher_da": 0.5221674876847291,
    "lower_da": 0.5153374233128835,
    "total_pnl": -309.27049999999974,
    "mdd": 333.8094999999994,
    "sharpe": -0.05794838226817966,
    "max_consecutive_losses": 7,
    "calibration": {
        "(0.5, 0.6]": {
            "mean": 0.6666666666666666,
            "count": 6
        },
        "(0.6, 0.7]": {
            "mean": 0.58,
            "count": 50
        },
        "(0.7, 0.8]": {
            "mean": 0.46808510638297873,
            "count": 47
        },
        "(0.8, 0.9]": {
            "mean": 0.5142857142857142,
            "count": 70
        },
        "(0.9, 1.0]": {
            "mean": 0.5129533678756477,
            "count": 193
        }
    },
    "cumulative_pnl": [
        -12.13,
        1.4275000000000002,
        8.984000000000002,
        1.2940000000000014,
        -14.765999999999998,
        -29.116,
        -16.009,
        -6.871499999999999,
        -15.6015,
        -33.2215,
        -17.4285,
        -1.6354999999999986,
        -18.075499999999998,
        -4.789999999999996,
        -23.559999999999995,
        -43.099999999999994,
        -61.86999999999999,
        -80.66,
        -100.63,
        -120.33,
        -107.01899999999999,
        -122.839,
        -140.909,
        -157.839,
        -145.803,
        -161.163,
        -145.693,
        -141.28150000000002,
        -159.62150000000003,
        -147.19450000000003,
        -133.55200000000002,
        -117.86950000000002,
        -129.8095,
        -116.77050000000001,
        -136.27050000000003,
        -127.88950000000003,
        -122.95950000000002,
        -138.1295,
        -147.7995,
        -132.0745,
        -116.154,
        -134.73399999999998,
        -151.80399999999997,
        -171.03399999999996,
        -155.11349999999996,
        -139.11649999999995,
        -123.38299999999994,
        -134.24299999999994,
        -150.13299999999992,
        -163.07299999999992,
        -181.4029999999999,
        -164.71749999999992,
        -183.3574999999999,
        -202.9874999999999,
        -191.6994999999999,
        -180.7174999999999,
        -164.11699999999988,
        -182.6369999999999,
        -166.2829999999999,
        -179.9829999999999,
        -163.84149999999988,
        -157.14349999999988,
        -177.05349999999987,
        -160.09599999999986,
        -146.34299999999985,
        -163.46299999999985,
        -146.98149999999984,
        -166.25149999999985,
        -181.94149999999985,
        -200.10149999999985,
        -184.80149999999983,
        -169.10199999999983,
        -184.25199999999984,
        -189.76199999999983,
        -173.63749999999982,
        -166.2509999999998,
        -154.4614999999998,
        -144.4824999999998,
        -136.35649999999978,
        -156.01649999999978,
        -139.3309999999998,
        -122.51799999999979,
        -114.26449999999979,
        -130.44449999999978,
        -117.73699999999978,
        -123.02699999999979,
        -137.19699999999978,
        -155.02699999999976,
        -174.62699999999975,
        -194.41699999999975,
        -177.79099999999974,
        -161.28399999999974,
        -156.06499999999974,
        -161.66499999999974,
        -146.02499999999975,
        -160.00499999999974,
        -154.80299999999974,
        -143.59149999999974,
        -160.26149999999973,
        -153.52949999999973,
        -164.43949999999973,
        -180.39949999999973,
        -174.84049999999974,
        -182.81049999999973,
        -196.96049999999974,
        -181.58399999999975,
        -165.64649999999975,
        -149.69199999999975,
        -167.92199999999974,
        -181.12199999999973,
        -195.43199999999973,
        -200.57199999999972,
        -191.06899999999973,
        -179.40699999999973,
        -165.1779999999997,
        -160.54549999999972,
        -151.7394999999997,
        -146.25699999999972,
        -164.22699999999972,
        -159.6794999999997,
        -147.0739999999997,
        -160.46399999999971,
        -169.7839999999997,
        -155.4869999999997,
        -139.2179999999997,
        -124.3174999999997,
        -144.2274999999997,
        -163.8474999999997,
        -183.6674999999997,
        -168.7924999999997,
        -152.8719999999997,
        -159.4919999999997,
        -170.0019999999997,
        -188.7719999999997,
        -197.3419999999997,
        -216.6219999999997,
        -235.7519999999997,
        -243.2119999999997,
        -236.7094999999997,
        -228.39649999999972,
        -217.13399999999973,
        -210.17249999999973,
        -217.62249999999972,
        -203.52949999999973,
        -187.98299999999972,
        -203.14299999999972,
        -222.20299999999972,
        -234.8329999999997,
        -221.9044999999997,
        -227.8644999999997,
        -240.1444999999997,
        -250.2444999999997,
        -245.7989999999997,
        -254.1289999999997,
        -238.2934999999997,
        -232.2924999999997,
        -252.1324999999997,
        -235.22599999999971,
        -255.12599999999972,
        -274.1659999999997,
        -258.2964999999997,
        -242.6139999999997,
        -225.9624999999997,
        -232.9324999999997,
        -218.32949999999968,
        -237.70949999999968,
        -250.86949999999968,
        -236.67449999999968,
        -220.72849999999968,
        -231.73849999999968,
        -223.62099999999967,
        -241.66099999999966,
        -256.05099999999965,
        -267.37099999999964,
        -279.7109999999996,
        -271.1599999999996,
        -256.2594999999996,
        -251.1084999999996,
        -270.9184999999996,
        -255.0149999999996,
        -247.04199999999958,
        -260.2719999999996,
        -243.8669999999996,
        -229.5529999999996,
        -213.3944999999996,
        -206.6624999999996,
        -222.77249999999958,
        -208.05049999999957,
        -196.83899999999957,
        -185.67849999999956,
        -204.99849999999955,
        -188.75499999999954,
        -172.85149999999953,
        -188.53149999999954,
        -174.03049999999953,
        -160.62599999999952,
        -178.8559999999995,
        -186.53599999999952,
        -177.8404999999995,
        -161.74999999999952,
        -181.68999999999951,
        -171.4304999999995,
        -161.8934999999995,
        -153.4954999999995,
        -137.2604999999995,
        -155.9204999999995,
        -146.3834999999995,
        -159.7134999999995,
        -178.9734999999995,
        -164.8124999999995,
        -176.9224999999995,
        -171.7884999999995,
        -190.3384999999995,
        -174.1374999999995,
        -157.1714999999995,
        -177.0414999999995,
        -160.3134999999995,
        -179.2434999999995,
        -198.6434999999995,
        -184.6184999999995,
        -170.5254999999995,
        -177.6654999999995,
        -162.14449999999948,
        -169.1044999999995,
        -155.1559999999995,
        -146.6389999999995,
        -131.9594999999995,
        -115.05299999999951,
        -133.5929999999995,
        -152.95299999999952,
        -171.6529999999995,
        -155.9619999999995,
        -140.1859999999995,
        -151.1859999999995,
        -168.0259999999995,
        -153.8649999999995,
        -138.0889999999995,
        -157.81899999999948,
        -177.53899999999948,
        -160.70049999999947,
        -151.92849999999947,
        -165.39849999999947,
        -179.25849999999946,
        -165.39499999999947,
        -149.86549999999946,
        -133.62199999999945,
        -150.43199999999945,
        -166.86199999999945,
        -185.09199999999944,
        -168.75499999999946,
        -177.67499999999944,
        -189.95499999999944,
        -174.18749999999943,
        -168.27999999999943,
        -180.80999999999943,
        -173.13449999999943,
        -168.30649999999943,
        -180.72649999999942,
        -167.62799999999942,
