{
    "total_trades": 530,
    "total_da": 0.5433962264150943,
    "higher_da": 0.5827814569536424,
    "lower_da": 0.5277044854881267,
    "total_pnl": 14.932500000000147,
    "mdd": 199.39199999999985,
    "sharpe": 0.005154861492987871,
    "max_consecutive_losses": 6,
    "calibration": {
        "(0.5, 0.6]": {
            "mean": 0.5705521472392638,
            "count": 163
        },
        "(0.6, 0.7]": {
            "mean": 0.5313351498637602,
            "count": 367
        },
        "(0.7, 0.8]": {
            "mean": NaN,
            "count": 0
        },
        "(0.8, 0.9]": {
            "mean": NaN,
            "count": 0
        },
        "(0.9, 1.0]": {
            "mean": NaN,
            "count": 0
        }
    },
    "cumulative_pnl": [
        4.8875,
        -0.5024999999999995,
        3.926000000000001,
        8.2695,
        12.5195,
        7.359500000000001,
        12.1705,
        17.568,
        10.698,
        5.198,
        -0.3019999999999996,
        5.129500000000001,
        9.456000000000001,
        4.366000000000001,
        9.313000000000002,
        14.285500000000003,
        19.436500000000002,
        12.276500000000002,
        6.416500000000002,
        10.777000000000001,
        15.078000000000001,
        8.648000000000001,
        13.076500000000003,
        19.307000000000002,
        24.959500000000002,
        17.619500000000002,
        22.634500000000003,
        28.4825,
        33.455,
        39.2435,
        32.463499999999996,
        25.963499999999996,
        20.173499999999997,
        14.483499999999996,
        20.118999999999996,
        24.946999999999996,
        29.375499999999995,
        24.215499999999995,
        28.601499999999994,
        32.9875,
        37.2545,
        31.5645,
        26.2545,
        30.768,
        35.154,
        39.540000000000006,
        34.38000000000001,
        38.76600000000001,
        43.713000000000015,
        48.74500000000002,
        43.155000000000015,
        37.56500000000001,
        41.88300000000001,
        46.88100000000001,
        51.61550000000001,
        46.27550000000001,
        41.09550000000001,
        34.38550000000001,
        27.635500000000008,
        32.03000000000001,
        36.74750000000001,
        41.17600000000001,
        45.50250000000001,
        39.57250000000001,
        44.09450000000001,
        38.14450000000001,
        42.54750000000001,
        47.50300000000001,
        51.906000000000006,
        58.374500000000005,
        63.61900000000001,
        69.518,
        64.148,
        58.888,
        52.687999999999995,
        46.678,
        51.03,
        55.824,
        61.824999999999996,
        66.636,
        71.396,
        75.697,
        80.848,
        74.618,
        79.021,
        83.509,
        77.389,
        81.65599999999999,
        86.9005,
        80.4305,
        74.42049999999999,
        82.0705,
        86.64349999999999,
        91.82849999999999,
        86.76849999999999,
        91.27349999999998,
        84.11349999999999,
        78.58349999999999,
        83.79399999999998,
        78.39399999999998,
        83.29849999999998,
        78.28849999999997,
        82.75949999999997,
        76.65949999999998,
        81.49599999999998,
        76.23599999999998,
        81.45499999999997,
        87.06499999999997,
        91.96099999999997,
        96.54249999999998,
        100.88599999999998,
        94.85599999999998,
        99.33549999999998,
        104.41849999999998,
        109.20399999999998,
        114.69499999999998,
        109.01499999999999,
        113.66449999999999,
        118.56899999999999,
        123.09949999999999,
        128.055,
        133.0445,
        137.8045,
        132.31449999999998,
        136.90449999999998,
        131.1745,
        125.6745,
        130.987,
        135.4665,
        140.47299999999998,
        144.8165,
        139.6165,
        144.6485,
        149.10250000000002,
        153.76050000000004,
        158.74150000000003,
        163.28900000000004,
        167.87900000000005,
        172.87700000000004,
        167.61700000000005,
        162.48700000000005,
        166.75400000000005,
        161.66400000000004,
        155.67400000000004,
        160.14500000000004,
        154.63500000000005,
        159.35250000000005,
        153.99250000000004,
        158.46350000000004,
        162.76450000000003,
        167.27800000000002,
        172.531,
        177.478,
        182.96900000000002,
        188.04350000000002,
        182.20350000000002,
        186.717,
        191.4515,
        185.4315,
        179.4115,
        183.8995,
        178.7595,
        183.698,
        178.178,
        184.808,
        189.2365,
        183.1865,
        189.60399999999998,
        183.82399999999998,
        177.74399999999997,
        184.56099999999998,
        176.831,
        170.75099999999998,
        163.94099999999997,
        158.06099999999998,
        152.551,
        157.1325,
        161.43349999999998,
        154.7635,
        149.7335,
        144.7035,
        139.4735,
        144.14000000000001,
        149.51200000000003,
        143.55200000000002,
        137.342,
        143.19850000000002,
        147.56750000000002,
        141.24750000000003,
        135.54750000000004,
        140.11200000000005,
        133.16200000000006,
        138.47450000000006,
        142.78400000000008,
        148.73400000000007,
        142.10400000000007,
        134.88400000000007,
        140.85950000000008,
        146.2315000000001,
        139.4515000000001,
        145.4355000000001,
        149.7790000000001,
        154.7855000000001,
        147.8855000000001,
        142.3855000000001,
        148.5820000000001,
        143.2520000000001,
        148.3605000000001,
        141.28050000000007,
        135.91050000000007,
        130.37050000000008,
        123.65050000000008,
        129.36250000000007,
        133.67200000000008,
        126.84200000000008,
        133.8545000000001,
        127.19450000000009,
        131.6400000000001,
        124.5800000000001,
        131.6265000000001,
        137.25350000000012,
        131.62350000000012,
        126.38350000000013,
        121.10350000000012,
        115.22350000000013,
        119.83050000000013,
        114.16050000000013,
        108.68050000000012,
        114.29900000000012,
        118.83800000000012,
        112.51800000000011,
        117.20150000000011,
        121.9445000000001,
        127.5120000000001,
        132.8840000000001,
        126.5740000000001,
        121.1540000000001,
        125.9905000000001,
        119.84050000000009,
        113.4305000000001,
        107.11050000000009,
        100.69050000000009,
        105.39100000000009,
        99.81100000000009,
        104.89400000000009,
        109.27150000000009,
        103.96150000000009,
        108.40700000000008,
        102.83700000000007,
        96.19700000000007,
        91.17700000000008,
        96.04750000000008,
        101.35150000000009,
        95.11150000000009,
        99.66750000000009,
        104.97150000000009,
        110.3945000000001,
        104.1545000000001,
        97.8145000000001,
        92.08450000000009,
        97.53300000000009,
        101.84250000000009,
        107.21450000000009,
        100.97450000000009,
        105.77700000000009,
        99.37700000000008,
        93.37700000000008,
        99.28450000000008,
        93.98450000000008,
        98.48950000000008,
        92.91950000000008,
        87.26950000000008,
        91.51950000000008,
        95.90550000000007,
        90.74550000000008,
        96.03250000000008,
        90.73250000000009,
        95.32250000000009,
        89.00250000000008,
        82.62250000000009,
        87.63750000000009,
        91.96400000000008,
        86.32400000000008,
        91.73850000000009,
        86.44850000000008,
        91.38700000000009,
        85.98700000000008,
