{
    "total_trades": 7,
    "total_da": 0.14285714285714285,
    "higher_da": 0.16666666666666666,
    "lower_da": 0.0,
    "total_pnl": -29.363,
    "mdd": 35.16,
    "sharpe": -0.9401235001832983,
    "max_consecutive_losses": 6,
    "calibration": {
        "(0.5, 0.6]": {
            "mean": 0.0,
            "count": 3
        },
        "(0.6, 0.7]": {
            "mean": 0.25,
            "count": 4
        },
        "(0.7, 0.8]": {
            "mean": NaN,
            "count": 0
        },
        "(0.8, 0.9]": {
            "mean": NaN,
            "count": 0
        },
        "(0.9, 1.0]": {
            "mean": NaN,
            "count": 0
        }
    },
    "cumulative_pnl": [
        5.797000000000001,
        -0.35299999999999976,
        -5.643,
        -10.933,
        -17.983,
        -24.293,
        -29.363
    ]
}